Index,Sample ID,Index,Reads,Matching,One Mismatch,Two Mismatches,% Reads,% Matching,% One Mismatch,% Two Mismatches
1,C1_bottom,GAACTGAGCG-TCGTGGAGCG,"93,700","50,693","6,005",0,0.16%,89.41%,10.59%,0.00%
2,C1_surface,AGGTCAGATA-CTACAAGATA,"83,038","54,572","3,003",0,0.16%,94.78%,5.22%,0.00%
3,C10_surface,CGACATCCGA-TACGTTCATT,"151,479","64,243","4,387",0,0.19%,93.61%,6.39%,0.00%
4,C10a,ATTCCATAAG-TGCCTGGTGG,"72,926","118,014","10,698",0,0.36%,91.69%,8.31%,0.00%
5,C10b,CACAATAGGA-TCCATCCGAG,"64,564","69,426","6,310",0,0.21%,91.67%,8.33%,0.00%
6,C10c,AACATCGCGC-GTCCACTTGT,"108,626","91,931","5,674",0,0.27%,94.19%,5.81%,0.00%
7,C11_bottom,CTAGTGCTCT-TGGAACAGTA,"75,432","108,860","7,202",0,0.32%,93.79%,6.21%,0.00%
8,C11_surface,GATCAAGGCA-CCTTGTTAAT,"64,945","67,356","6,926",0,0.21%,90.68%,9.32%,0.00%
9,C11a,GACTGAGTAG-GTTGATAGTG,"98,442","95,337","10,947",0,0.30%,89.70%,10.30%,0.00%
10,C11b,AGTCAGACGA-ACCAGCGACA,"110,238","85,681","4,866",0,0.25%,94.63%,5.37%,0.00%
11,C11c,CCGTATGTTC-CATACACTGT,"83,269","103,630","7,524",0,0.31%,93.23%,6.77%,0.00%
12,C12_bottom,GAGTCATAGG-GTGTGGCGCT,"54,667","68,332","7,487",0,0.21%,90.13%,9.87%,0.00%
13,C12_surface,CTTGCCATTA-ATCACGAAGG,"64,944","61,677","4,656",0,0.18%,92.98%,7.02%,0.00%
14,C13_bottom,GAAGCGGCAC-CGGCTCTACT,"82,892","88,141","12,137",0,0.28%,87.90%,12.10%,0.00%
15,C13_surface,TCCATTGCCG-GAATGCACGA,"79,799","79,376","6,514",0,0.24%,92.42%,7.58%,0.00%
16,C13a,CGGTTACGGC-AAGACTATAG,692,"76,806","5,255",0,0.23%,93.60%,6.40%,0.00%
17,C13b,GAGAATGGTT-TCGGCAGCAA,"112,423","79,719","8,909",0,0.25%,89.95%,10.05%,0.00%
18,C13c,AGAGGCAACC-CTAATGATGG,"124,731","56,126","3,927",0,0.17%,93.46%,6.54%,0.00%
19,C14_bottom,CCATCATTAG-GGTTGCCTCT,"71,719","67,384","5,130",0,0.20%,92.93%,7.07%,0.00%
20,C14_surface,GATAGGCCGA-CGCACATGGC,"70,496","85,452","12,569",0,0.27%,87.18%,12.82%,0.00%
21,C14a,ATGGTTGACT-GGCCTGTCCT,"105,449","77,117","5,687",0,0.23%,93.13%,6.87%,0.00%
22,C14b,TATTGCGCTC-CTGTGTTAGG,362,"32,543","2,660",0,0.10%,92.44%,7.56%,0.00%
23,C14c,ACGCCTTGTT-TAAGGAACGT,"134,018","70,694","5,467",0,0.21%,92.82%,7.18%,0.00%
24,C1a,TTCTACATAC-CTAACTGTAA,"61,585","138,273","9,579",0,0.41%,93.52%,6.48%,0.00%
25,C1b,AACCATAGAA-GGCGAGATGG,280,"88,609","5,986",0,0.26%,93.67%,6.33%,0.00%
26,C1c,GGTTGCGAGG-AATAGAGCAA,"68,116","94,181","11,106",0,0.29%,89.45%,10.55%,0.00%
27,C2_surface,TAAGCATCCA-TCAATCCATT,"161,701","126,633","10,120",0,0.38%,92.60%,7.40%,0.00%
28,C2a,ACCACGACAT-TCGTATGCGG,"70,162","131,774","8,789",0,0.39%,93.75%,6.25%,0.00%
29,C2b,GCCGCACTCT-TCCGACCTCG,"72,158","89,956","13,159",0,0.29%,87.24%,12.76%,0.00%
30,C2c,CCACCAGGCA-CTTATGGAAT,285,"98,214","8,212",0,0.30%,92.28%,7.72%,0.00%
31,C3_surface,GTGACACGCA-GCTTACGGAC,"137,673","84,463","11,180",0,0.27%,88.31%,11.69%,0.00%
32,C3a,TGATTATACG-GTCGATTACA,"15,148","38,095","2,865",0,0.11%,93.01%,6.99%,0.00%
33,C3b,CAGCCGCGTA-ACTAGCCGTG,"87,117","79,860","5,781",0,0.24%,93.25%,6.75%,0.00%
34,C3c,GGTAACTCGC-AAGTTGGTGA,"78,873","51,094","4,879",0,0.16%,91.28%,8.72%,0.00%
35,C4_bottom,ACCGGCCGTA-TGGCAATATT,"85,111","64,814","4,864",0,0.19%,93.02%,6.98%,0.00%
36,C4_surface,TGTAATCGAC-GATCACCGCG,"70,050","76,740","4,950",0,0.23%,93.94%,6.06%,0.00%
37,C4a,GTGCAGACAG-TACCATCCGT,"88,526","94,898","12,062",0,0.30%,88.72%,11.28%,0.00%
38,C4b,CAATCGGCTG-GCTGTAGGAA,"101,224","85,371","6,447",0,0.26%,92.98%,7.02%,0.00%
39,C4c,TATGTAGTCA-CGCACTAATG,"81,594","89,990","6,302",0,0.27%,93.46%,6.54%,0.00%
40,C5_bottom,ACTCGGCAAT-GACAACTGAA,"74,715","146,645","9,265",0,0.43%,94.06%,5.94%,0.00%
41,C5_surface,GTCTAATGGC-AGTGGTCAGG,"53,132","54,839","6,879",0,0.17%,88.85%,11.15%,0.00%
42,C5a,CCATCTCGCC-TTCTATGGTT,"78,666","65,178","6,174",0,0.20%,91.35%,8.65%,0.00%
43,C5b,CTGCGAGCCA-AATCCGGCCA,"1,397","64,708","5,416",0,0.20%,92.28%,7.72%,0.00%
44,C5c,CGTTATTCTA-CCATAAGGTT,"89,844","97,731","6,127",0,0.29%,94.10%,5.90%,0.00%
45,H2O_negative,GCAACATGGA-CTTGTCTTAA,29,"107,840","19,661",0,0.35%,84.58%,15.42%,0.00%
46,N1_bottom,GTCCTGGATA-CGGTGGCGAA,"93,500","81,858","11,802",0,0.26%,87.40%,12.60%,0.00%
47,N1_surface,CAGTGGCACT-TAACAATAGG,"73,022","84,898","6,291",0,0.25%,93.10%,6.90%,0.00%
48,N10_surface,AGTGTTGCAC-CTGGTACACG,"110,459","147,707","8,200",0,0.43%,94.74%,5.26%,0.00%
49,N10a,GACACCATGT-TCAACGTGTA,"73,014","144,462","21,486",0,0.46%,87.05%,12.95%,0.00%
50,N10b,CCTGTCTGTC-ACTGTTGTGA,"75,426","89,938","5,636",0,0.27%,94.10%,5.90%,0.00%
51,N10c,TGATGTAAGA-GTGCGTCCTT,"79,083","129,627","7,878",0,0.38%,94.27%,5.73%,0.00%
52,N11_surface,TAGTTCGGTA-CCATGTGTAG,"134,038","100,590","7,294",0,0.30%,93.24%,6.76%,0.00%
53,N11a,CTATTACTAC-GAGTCTCTCC,"19,140","89,433","7,885",0,0.27%,91.90%,8.10%,0.00%
54,N11b,TAGCATAACC-GCTATGCGCA,"55,015","105,547","8,603",0,0.32%,92.46%,7.54%,0.00%
55,N11c,ACTCTATTGT-ATCGCATATG,"45,143","81,394","5,883",0,0.24%,93.26%,6.74%,0.00%
56,N12_surface,TCTATCCTAA-CGTCGACTGG,32,"59,493","4,994",0,0.18%,92.26%,7.74%,0.00%
57,N12a,CTCGCTTCGG-TACTAGTCAA,"66,695","106,344","9,077",0,0.32%,92.14%,7.86%,0.00%
58,N12b,CTGTTGGTCC-ATAGACCGTT,"61,918","97,011","7,215",0,0.29%,93.08%,6.92%,0.00%
59,N12c,TTACCTGGAA-ACAGTTCCAG,"56,962","96,517","8,046",0,0.29%,92.31%,7.69%,0.00%
60,N13_surface,TGGCTAATCA-AGGCATGTAG,148,"78,639","4,891",0,0.23%,94.14%,5.86%,0.00%
61,N13a,AACACTGTTA-GCAAGTCTCA,"56,601","122,166","7,181",0,0.36%,94.45%,5.55%,0.00%
62,N13b,ATTGCGCGGT-TTGGCTCCGC,"38,597","123,306","11,807",0,0.38%,91.26%,8.74%,0.00%
63,N13c,TAATGTGTCT-GTAAGGCATA,"82,928","106,835","7,276",0,0.32%,93.62%,6.38%,0.00%
64,N14_surface,ATACCAACGC-AATTGCTGCG,131,"88,584","8,464",0,0.27%,91.28%,8.72%,0.00%
65,N14a,AGGATGTGCT-TTACAATTCC,"127,595","57,253","4,847",0,0.17%,92.19%,7.81%,0.00%
66,N14b,CACGGAACAA-AACCTAGCAC,"67,748","93,959","7,342",0,0.28%,92.75%,7.25%,0.00%
67,N14c,CCAAGGCCTT-TCGAAGTACT,"73,440","92,557","7,947",0,0.28%,92.09%,7.91%,0.00%
68,N15_surface,TTACTCCACA-GACACCGATG,81,"71,496","5,861",0,0.22%,92.42%,7.58%,0.00%
69,N15a,AGTAGAAGTG-CTAGCGTCGA,"94,986","75,579","4,707",0,0.22%,94.14%,5.86%,0.00%
70,N15b,TACGAGTCCA-TAGCGAAGCA,"84,789","64,380","4,966",0,0.19%,92.84%,7.16%,0.00%
71,N15c,TCTCATGATA-AACACGTGGA,"65,006","89,884","7,345",0,0.27%,92.45%,7.55%,0.00%
72,N16_bottom,CGAGGCCAAG-GTGTTACCGG,"90,844","42,370","2,637",0,0.13%,94.14%,5.86%,0.00%
73,N16_surface,TTCACGAGAC-AGATTGTTAC,"67,562","76,873","6,557",0,0.23%,92.14%,7.86%,0.00%
74,N16a,GCGTGGATGG-TTGACCAATG,"15,467","75,093","17,671",0,0.26%,80.95%,19.05%,0.00%
75,N16b,TCTGGTATCC-CGTTGCTTAC,"82,187","83,780","6,642",0,0.25%,92.65%,7.35%,0.00%
76,N16c,CATTAGTGCG-TGACTACATA,"88,109","74,284","5,068",0,0.22%,93.61%,6.39%,0.00%
77,N1a,ACGGTCAGGA-CGGCCTCGTT,"65,399","71,330","5,229",0,0.21%,93.17%,6.83%,0.00%
78,N1b,GGCAAGCCAG-CAAGCATCCG,"73,065","70,667","12,050",0,0.23%,85.43%,14.57%,0.00%
79,N1c,TGTCGCTGGT-TCGTCTGACT,"66,479","92,430","5,353",0,0.27%,94.53%,5.47%,0.00%
80,N2_bottom,ACCGTTACAA-CTCATAGCGA,"107,947","99,149","7,161",0,0.30%,93.26%,6.74%,0.00%
81,N2_surface,TATGCCTTAC-AGACACATTA,"77,692","101,966","6,538",0,0.30%,93.97%,6.03%,0.00%
82,N3_surface,ACTGGATCTA-TCGCCGCTAG,110,"90,537","6,450",0,0.27%,93.35%,6.65%,0.00%
83,N3a,TGGTACCTAA-CATGAGTACT,"66,143","68,031","4,446",0,0.20%,93.87%,6.13%,0.00%
84,N3b,TTGGAATTCC-ACGTCAATAC,207,"74,458","6,016",0,0.22%,92.52%,7.48%,0.00%
85,N3c,CCTCTACATG-GATACCTCCT,"46,433","63,135","5,163",0,0.19%,92.44%,7.56%,0.00%
86,N4_surface,GTCCGTAAGC-CGTGTATCTT,92,"34,402","3,496",0,0.11%,90.78%,9.22%,0.00%
87,N4a,ACTTCAAGCG-GAACCATGAA,"70,597","80,622","5,516",0,0.24%,93.60%,6.40%,0.00%
88,N4b,TCAGAAGGCG-GGCCATCATA,"63,243","49,202","4,153",0,0.15%,92.22%,7.78%,0.00%
89,N4c,GCGTTGGTAT-ACATACTTCC,"61,847","88,020","14,159",0,0.28%,86.14%,13.86%,0.00%
90,N5_surface,ACATATCCAG-TATGTGCAAT,34,"84,473","6,952",0,0.25%,92.40%,7.60%,0.00%
91,N5a,TCATAGATTG-GATTAAGGTG,"44,911","69,266","5,882",0,0.21%,92.17%,7.83%,0.00%
92,N5b,GTATTCCACC-ATGTAGACAA,136,"69,345","9,721",0,0.22%,87.71%,12.29%,0.00%
93,N5c,TGCCGGTCAG-CCTGATACAA,"65,162","73,144","4,511",0,0.22%,94.19%,5.81%,0.00%
94,N6_surface,CACTCAATTC-TTAAGTTGTG,128,"82,451","5,485",0,0.24%,93.76%,6.24%,0.00%
95,N7_surface,TCTCACACGC-CGGACAGTGA,"122,721","48,649","4,316",0,0.15%,91.85%,8.15%,0.00%
96,N7a,TCAATGGAGA-GCACTACAAC,162,"55,554","4,814",0,0.17%,92.03%,7.97%,0.00%
97,N7b,ATATGCATGT-TGGTGCCTGG,"34,119","83,130","6,375",0,0.25%,92.88%,7.12%,0.00%
98,N7c,CTAGCTTCAA-TGTGTAAGCT,"53,255","72,700","5,656",0,0.22%,92.78%,7.22%,0.00%
99,N8_surface,TCCGTTATGT-TTGTAGTGTA,"124,029","83,129","6,200",0,0.25%,93.06%,6.94%,0.00%
100,N8a,GGTCTATTAA-CCACGACACG,"57,012","66,143","9,719",0,0.21%,87.19%,12.81%,0.00%
101,N8b,CAGCAATCGT-TGTGATGTAT,"92,124","110,644","8,029",0,0.33%,93.23%,6.77%,0.00%
102,N8c,TTCTGTAGAA-GAGCGCAATA,"81,812","70,435","5,167",0,0.21%,93.17%,6.83%,0.00%
103,N9_surface,GAACGCAATA-ATCTTACTGT,"133,315","97,842","16,176",0,0.32%,85.81%,14.19%,0.00%
104,N9a,AGTACTCATG-ATGTCGTGGT,253,"84,212","5,328",0,0.25%,94.05%,5.95%,0.00%
105,N9b,GGTAGAATTA-GTAGCCATCA,"316,664","70,606","6,948",0,0.22%,91.04%,8.96%,0.00%
106,N9c,TAATTAGCGT-TGGTTAAGAA,"76,700","67,933","5,025",0,0.20%,93.11%,6.89%,0.00%
107,S1_bottom,ATTAACAAGG-TGTTGTTCGT,"95,084","77,085","6,564",0,0.23%,92.15%,7.85%,0.00%
108,S1_surface,TGATGGCTAC-CCAACAACAT,744,"44,177","2,882",0,0.13%,93.88%,6.12%,0.00%
109,S10_bottom,GAATTACAAG-ACCGGCTCAG,"62,818","61,849","7,960",0,0.19%,88.60%,11.40%,0.00%
110,S10_surface,TAGAATTGGA-GTTAATCTGA,"77,379","75,013","5,668",0,0.22%,92.97%,7.03%,0.00%
111,S10a,AGGCAGCTCT-CGGCTAACGT,330,"87,038","5,579",0,0.26%,93.98%,6.02%,0.00%
112,S10b,ATCGGCGAAG-TCCAAGAATT,"87,170","59,515","5,732",0,0.18%,91.21%,8.79%,0.00%
113,S10c,CCGTGACCGA-CCGAACGTTG,363,"59,990","5,275",0,0.18%,91.92%,8.08%,0.00%
114,S11_bottom,ATACTTGTTC-TAACCGCCGA,"94,415","71,513","5,577",0,0.21%,92.77%,7.23%,0.00%
115,S11_surface,TCCGCCAATT-CTCCGTGCTG,"56,671","52,659","4,418",0,0.16%,92.26%,7.74%,0.00%
116,S11a,AGGACAGGCC-CATTCCAGCT,"67,685","70,392","5,419",0,0.21%,92.85%,7.15%,0.00%
117,S11b,AGAGAACCTA-GGTTATGCTA,"12,080","73,354","4,338",0,0.22%,94.42%,5.58%,0.00%
118,S11c,GATATTGTGT-ACCACACGGT,"79,185","65,402","9,505",0,0.21%,87.31%,12.69%,0.00%
119,S12_bottom,CGTACAGGAA-TAGGTTCTCT,"75,421","59,491","4,989",0,0.18%,92.26%,7.74%,0.00%
120,S12_surface,CTGCGTTACC-TATGGCTCGA,"68,824","43,602","3,405",0,0.13%,92.76%,7.24%,0.00%
121,S12a,AGGCCGTGGA-CTCGTGCGTT,"91,256","43,782","3,053",0,0.13%,93.48%,6.52%,0.00%
122,S12b,AGGAGGTATC-CCAGTTGGCA,"4,268","63,317","3,958",0,0.19%,94.12%,5.88%,0.00%
123,S12c,GCTGACGTTG-TGTTCGCATT,"102,423","58,181","8,250",0,0.18%,87.58%,12.42%,0.00%
124,S13_bottom,TCTAGGCGCG-CGAAGGTTAA,"57,323","1,063,234","89,751",0,3.21%,92.22%,7.78%,0.00%
125,S13_surface,ATAGCCAAGA-AGTGCCACTG,"31,871","69,657","5,510",0,0.21%,92.67%,7.33%,0.00%
126,S13a,TTCGGTGTGA-GAACAAGTAT,651,"58,099","4,900",0,0.18%,92.22%,7.78%,0.00%
127,S13b,ATGTAACGTT-ACGATTGCTG,"116,987","76,858","6,611",0,0.23%,92.08%,7.92%,0.00%
128,S13c,AACGAGGCCG-ATACCTGGAT,"92,830","74,889","6,498",0,0.23%,92.02%,7.98%,0.00%
129,S14_bottom,TGGTGTTATG-TCCAATTCTA,"56,020","51,582","2,965",0,0.15%,94.56%,5.44%,0.00%
130,S14_surface,TGGCCTCTGT-TGAGACAGCG,"50,183","26,811","1,949",0,0.08%,93.22%,6.78%,0.00%
131,S14a,CCAGGCACCA-ACGCTAATTA,"104,084","94,655","8,377",0,0.29%,91.87%,8.13%,0.00%
132,S14b,CCGGTTCCTA-TATATTCGAG,"62,400","73,398","6,791",0,0.22%,91.53%,8.47%,0.00%
133,S14c,GGCCAATATT-CGGTCCGATA,577,"75,064","10,236",0,0.24%,88.00%,12.00%,0.00%
134,S1a,GAATACCTAT-ACAATAGAGT,"66,135","41,388","7,883",0,0.14%,84.00%,16.00%,0.00%
135,S1b,TACGTGAAGG-CGGTTATTAG,"70,833","73,803","6,433",0,0.22%,91.98%,8.02%,0.00%
136,S1c,CTTATTGGCC-GATAACAAGT,"71,576","43,344","3,719",0,0.13%,92.10%,7.90%,0.00%
137,S2_bottom,ACAACTACTG-AGTTATCACA,"67,827","78,430","6,057",0,0.24%,92.83%,7.17%,0.00%
138,S2_surface,GTTGGATGAA-TTCCAGGTAA,"59,823","49,909","7,082",0,0.16%,87.57%,12.43%,0.00%
139,S2a,AATCCAATTG-CATGTAGAGG,"75,787","68,065","4,495",0,0.20%,93.81%,6.19%,0.00%
140,S2b,GTGCTAGGTT-TGAATATTGC,"85,109","71,415","12,160",0,0.23%,85.45%,14.55%,0.00%
141,S2c,ACAGCGACCA-CAGGAGCTCT,"1,026","65,466","5,162",0,0.20%,92.69%,7.31%,0.00%
142,S3_bottom,TCCACACAGA-TTGTCGGATG,"64,278","41,460","4,188",0,0.13%,90.83%,9.17%,0.00%
143,S3_surface,AAGTGTTAGG-GCTAGTTCCG,"70,635","71,563","5,122",0,0.21%,93.32%,6.68%,0.00%
144,S3a,GATTCTGAAT-AGCGGTGGAC,297,"70,109","9,222",0,0.22%,88.38%,11.62%,0.00%
145,S3b,TAGAGAATAC-TATAGATTCG,"97,797","59,753","4,667",0,0.18%,92.76%,7.24%,0.00%
146,S3c,TTGTATCAGG-ACAGAGGCCA,676,"52,070","4,196",0,0.16%,92.54%,7.46%,0.00%
147,S4_bottom,CACAGCGGTC-ATTCCTATTG,"60,403","68,879","4,887",0,0.21%,93.37%,6.63%,0.00%
148,S4_surface,CCACGCTGAA-TATTCCTCAG,"42,806","69,893","6,018",0,0.21%,92.07%,7.93%,0.00%
149,S4a,GTTCGGAGTT-CGCCTTCTGA,"73,727","66,638","7,344",0,0.21%,90.07%,9.93%,0.00%
150,S4b,ATGTCGTATT-TTCTTGCTGG,"63,458","66,643","5,678",0,0.20%,92.15%,7.85%,0.00%
151,S4c,GCAATATTCA-GGCGCCAATT,"89,459","61,243","11,041",0,0.20%,84.73%,15.27%,0.00%
152,S5_bottom,CTAGATTGCG-AGATATGGCG,"96,724","21,598","1,755",0,0.06%,92.48%,7.52%,0.00%
153,S5_surface,CGATGCGGTT-CCTGCTTGGT,"79,436","49,471","3,563",0,0.15%,93.28%,6.72%,0.00%
154,S5a,TCCGGACTAG-GACGAACAAT,"55,358","35,095","3,597",0,0.11%,90.70%,9.30%,0.00%
155,S5b,AATTCCATCT-CTTCAGTTAC,"87,319","67,915","3,946",0,0.20%,94.51%,5.49%,0.00%
156,S5c,TTAACGGTGT-TCCTGACCGT,"80,393","49,675","4,055",0,0.15%,92.45%,7.55%,0.00%
157,S6_bottom,ACTTGTTATC-CGCGCCTAGA,"65,223","77,527","5,288",0,0.23%,93.61%,6.39%,0.00%
158,S6_surface,CGTGTACCAG-AGGATAAGTT,"68,653","41,636","2,413",0,0.12%,94.52%,5.48%,0.00%
159,S6a,TTAACCTTCG-AGGCCAGACA,"79,712","43,473","3,429",0,0.13%,92.69%,7.31%,0.00%
160,S6b,CATATGCGAT-CCTTGAACGG,307,"118,134","7,951",0,0.35%,93.69%,6.31%,0.00%
161,S6c,AGCCTATGAT-CACCACCTAC,"66,327","57,655","3,591",0,0.17%,94.14%,5.86%,0.00%
162,S7_bottom,TATGACAATC-TTGCTTGTAT,"88,734","73,836","5,116",0,0.22%,93.52%,6.48%,0.00%
163,S7_surface,ATGTTGTTGG-CAATCTATGA,"74,726","38,880","3,347",0,0.12%,92.07%,7.93%,0.00%
164,S7a,GCACCACCAA-TGGTACTGAT,"70,662","105,224","20,241",0,0.35%,83.87%,16.13%,0.00%
165,S7b,AGGCGTTCGC-TTCATCCAAC,345,"72,867","4,298",0,0.21%,94.43%,5.57%,0.00%
166,S7c,CCTCCGGTTG-CATAACACCA,"83,220","56,313","4,264",0,0.17%,92.96%,7.04%,0.00%
167,S8_bottom,GTCCACCGCT-TCCTATTAGC,"83,505","61,228","8,520",0,0.19%,87.78%,12.22%,0.00%
168,S8_surface,ATTGTTCGTC-TCTCTAGATT,"70,051","74,049","6,022",0,0.22%,92.48%,7.52%,0.00%
169,S8a,GGACCAGTGG-CGCGAGCCTA,"88,973","46,210","6,586",0,0.15%,87.53%,12.47%,0.00%
170,S8b,CCTTCTAACA-GATAAGCTCT,211,"49,812","3,537",0,0.15%,93.37%,6.63%,0.00%
171,S8c,CTCGAATATA-GAGATGTCGA,"75,614","37,730","2,726",0,0.11%,93.26%,6.74%,0.00%
172,S9_bottom,GATCGTCGCG-CTGGATATGT,"53,747","93,934","12,371",0,0.30%,88.36%,11.64%,0.00%
173,S9_surface,CCGACCTGTC-TGCTCATAAC,"62,317","44,223","3,531",0,0.13%,92.61%,7.39%,0.00%
174,S9a,CGCTGTCTCA-ATTACTCACC,"43,011","60,669","4,411",0,0.18%,93.22%,6.78%,0.00%
175,S9b,TTCCTACAGC-GGCGAATTCT,422,"34,870","4,113",0,0.11%,89.45%,10.55%,0.00%
176,S9c,ATCCAGGTAT-CAACGTCAGC,"65,686","47,897","5,579",0,0.15%,89.57%,10.43%,0.00%
177,Sed_Neg,ACGGTCCAAC-TCTTACATCA,434,"35,493","3,291",0,0.11%,91.51%,8.49%,0.00%
178,Sed_Neg2,GTAACTTGGT-CGCCATACCT,89,"37,928","4,277",0,0.12%,89.87%,10.13%,0.00%
,,,,,,,,,,
,,,,,,,,,,
,,,,,,,,,,
,,,,,,,,,,
,,,,,,,,,,
,,,,,,,,,,
,,,,,,,,,,
,,,,,,,,,,
,,,,,,,,,,
,,,,,,,,,,
,,,,,,,,,,
,,,,,,,,,,
,,,,,,,,,,
,,,,,,,,,,
,,,,,,,,,,
,,,,,,,,,,
,,,,,,,,,,
,,,,,,,,,,
,,,,,,,,,,
,,,,,,,,,,
,,,,,,,,,,
,,,,,,,,,,
,,,,,,,,,,
,,,,,,,,,,
,,,,,,,,,,
,,,,,,,,,,
,,,,,,,,,,
,,,,,,,,,,
,,,,,,,,,,
,,,,,,,,,,
,,,,,,,,,,
,,,,,,,,,,
,,,,,,,,,,
,,,,,,,,,,
,,,,,,,,,,
,,,,,,,,,,
,,,,,,,,,,
,,,,,,,,,,
,,,,,,,,,,
,,,,,,,,,,
,,,,,,,,,,
,,,,,,,,,,
,,,,,,,,,,
,,,,,,,,,,
,,,,,,,,,,
,,,,,,,,,,
,,,,,,,,,,
,,,,,,,,,,
,,,,,,,,,,
,,,,,,,,,,
,,,,,,,,,,
,,,,,,,,,,
,,,,,,,,,,
,,,,,,,,,,
,,,,,,,,,,
,,,,,,,,,,
,,,,,,,,,,
,,,,,,,,,,
,,,,,,,,,,
,,,,,,,,,,
,,,,,,,,,,
,,,,,,,,,,
,,,,,,,,,,
,,,,,,,,,,
,,,,,,,,,,
,,,,,,,,,,
,,,,,,,,,,
,,,,,,,,,,
,,,,,,,,,,
,,,,,,,,,,
,,,,,,,,,,
,,,,,,,,,,
,,,,,,,,,,
,,,,,,,,,,
,,,,,,,,,,
,,,,,,,,,,
,,,,,,,,,,
,,,,,,,,,,
,,,,,,,,,,
,,,,,,,,,,
,,,,,,,,,,
,,,,,,,,,,
,,,,,,,,,,
,,,,,,,,,,
,,,,,,,,,,
,,,,,,,,,,
,,,,,,,,,,
,,,,,,,,,,
,,,,,,,,,,
,,,,,,,,,,
,,,,,,,,,,
,,,,,,,,,,
,,,,,,,,,,
,,,,,,,,,,
,,,,,,,,,,
,,,,,,,,,,
,,,,,,,,,,
,,,,,,,,,,
,,,,,,,,,,
,,,,,,,,,,
,,,,,,,,,,
,,,,,,,,,,
,,,,,,,,,,
,,,,,,,,,,
,,,,,,,,,,
,,,,,,,,,,
,,,,,,,,,,
,,,,,,,,,,
,,,,,,,,,,
,,,,,,,,,,
,,,,,,,,,,
,,,,,,,,,,
,,,,,,,,,,
,,,,,,,,,,
,,,,,,,,,,
,,,,,,,,,,
,,,,,,,,,,
,,,,,,,,,,
,,,,,,,,,,
,,,,,,,,,,
,,,,,,,,,,
,,,,,,,,,,
,,,,,,,,,,
,,,,,,,,,,
,,,,,,,,,,
,,,,,,,,,,
,,,,,,,,,,
,,,,,,,,,,
,,,,,,,,,,
,,,,,,,,,,
,,,,,,,,,,
,,,,,,,,,,
,,,,,,,,,,
,,,,,,,,,,
,,,,,,,,,,
